,Cand,party,num,cand_status
0,Смагулов Бекен Туменбаевич,Жашылдар Партиясы,15.0,True
1,Шарыпов Бакыт Сатыбалдыевич,Азаттык,14.0,True
2,Кособокова Александра Евгеньевна,Жашылдар Партиясы,22.0,True
3,Чонтаев Нурланбек Ырсалиевич,Жашылдар Партиясы,37.0,True
4,Махмудов Улан Алымжанович,Азаттык,11.0,True
5,Джумалиева Эльмира Бусурманкуловна,Азаттык,12.0,True
6,Абдыкалыков Курсантбек Мамасадыкович,Азаттык,50.0,True
7,Эргешов Зайырбек Жолчуевич,Азаттык,26.0,True
8,Токтосунов Алтынбек Турусбекович,Азаттык,34.0,True
9,Акназарова Роза Корчубековна,Азаттык,16.0,True
10,Джолдошова Жылдызкан Айтибаевна,Азаттык,4.0,True
11,Дыйканбаев Болотбек Жусупович,Азаттык,18.0,True
12,Нарынбек уулу Адилет,Азаттык,45.0,True
13,Ашыралиев Фархад Анаркулович,Азаттык,46.0,True
14,Абдыкеримова Алтынай Рысбековна,Азаттык,29.0,True
15,Равшанова Жылдыз Равшановна,Азаттык,40.0,True
16,Эшиев Бактыбек Абдыкеримович,Азаттык,43.0,True
17,Джунушова Кундуз Азатовна,Жашылдар Партиясы,34.0,True
18,Сайпидинов Мунарбек Акимжанович,Азаттык,21.0,False
19,Ниязова Феруза Мырзамамытовна,Жашылдар Партиясы,12.0,True
20,Исаков Эсенгул Байдалиевич,Азаттык,31.0,True
21,Эрматов Абдимамат Абилаевич,Азаттык,37.0,True
22,Караев Баястан Ырысалиевич,Азаттык,30.0,True
23,Исаков Исмаил Исакович,Азаттык,1.0,True
24,Вулянчин Гадир Джумазович,Азаттык,23.0,True
25,Аттокуров Азрет Али Акылбекович,Азаттык,6.0,True
26,Шеримкулов Медетхан,Азаттык,2.0,True
27,Барыктабасова Гульбара Эраалиевна,Азаттык,24.0,True
28,Маткеримов Айбек Тураталиевич,Ата-Журт Кыргызстан,1.0,True
29,Мамырова Бөдөш Аманбаевна,Азаттык,13.0,True
30,Гришина Чинара Дайракановна,Жашылдар Партиясы,20.0,True
31,Бейшебаева Гүлзат Дамирбековна,Жашылдар Партиясы,9.0,True
32,Иванов Виктор Геннадьевич,Азаттык,27.0,True
33,Гречановская Анастасия Андреевна,Азаттык,25.0,True
34,Мадумаров Адахан Кимсанбаевич,Бүтүн Кыргызстан,1.0,True
35,Кожокулова Гуля Акматкуловна,Бүтүн Кыргызстан,8.0,True
36,Масалиев Исхак Абсаматович,Бүтүн Кыргызстан,2.0,True
37,Мамытов Токтокучук Болотбекович,Бүтүн Кыргызстан,3.0,True
38,Нарматова Орозайым Кочконбаевна,Бүтүн Кыргызстан,4.0,True
39,Сманбеков Темирлан Камашович,Бүтүн Кыргызстан,5.0,True
40,Сияев Таштанбек Монолдорович,Бүтүн Кыргызстан,6.0,True
41,Кадыров Дастан Курманбекович,Социал-демократтар,32.0,True
42,Мукамбетов Джакшылык Мамбетказиевич,Социал-демократтар,33.0,True
43,Акматов Сталбек Темирбекович,Социал-демократтар,41.0,True
44,Жайчиев Эмиль Аканбекович,Бүтүн Кыргызстан,7.0,True
45,Барчакеев Бакыт Амангелдиевич,Бүтүн Кыргызстан,9.0,True
46,Сатыбалдиев Кыянбек Урмаматович,Бүтүн Кыргызстан,10.0,True
47,Токтошев Эмиль Токтакунович,Бүтүн Кыргызстан,11.0,True
48,Айдарова Айгүл Абдисаламовна,Бүтүн Кыргызстан,12.0,True
49,Эрбаев Алишер Ташбаевич,Бүтүн Кыргызстан,13.0,True
50,Тейитбаев Жумадил Бердибекович,Бүтүн Кыргызстан,14.0,True
51,Бердиев Аккулу Тагаевич,Бүтүн Кыргызстан,15.0,True
52,Кулмурзаева Айпери Сүйүнтбековна,Бүтүн Кыргызстан,16.0,True
53,Сарымсаков Белек Адыканович,Бүтүн Кыргызстан,17.0,True
54,Алымбаев Алайбек Анаркулович,Бүтүн Кыргызстан,19.0,False
55,Завазиева Наталья Геннадьевна,Бүтүн Кыргызстан,20.0,True
56,Козубаев Алымжан Калыкович,Бүтүн Кыргызстан,21.0,True
57,Берикбаев Санжарбек Турдукулович,Бүтүн Кыргызстан,23.0,True
58,Богданова Юлия Алексеевна,Бүтүн Кыргызстан,24.0,True
59,Шерматов Батырали Ташбаевич,Бүтүн Кыргызстан,25.0,True
60,Бекилов Абдишарип Тажимаматович,Бүтүн Кыргызстан,26.0,True
61,Борончиев Алик Дайырбекович,Социал-демократтар,30.0,True
62,Алымбеков Замирбек Маданбекович,Социал-демократтар,13.0,True
63,Исаков Толкунбек Талипович,Бүтүн Кыргызстан,27.0,True
64,Сапарбекова Мээрим Сапарбековна,Бүтүн Кыргызстан,28.0,True
65,Дюшембиева Элиза Бакытовна,Бүтүн Кыргызстан,31.0,True
66,Ибрахимов Эркинбек Исакжанович,Бүтүн Кыргызстан,32.0,True
67,Эшеналиева Назгуль Арстановна,Бүтүн Кыргызстан,33.0,True
68,Шамшидин уулу Замирбек,Бүтүн Кыргызстан,34.0,True
69,Суйунбаев Эркинбек Токобаевич,Бүтүн Кыргызстан,35.0,True
70,Жоробеков Токтосун Сайзилдаевич,Бүтүн Кыргызстан,36.0,True
71,Шеркулова Чыныгүл Абдукахаровна,Бүтүн Кыргызстан,37.0,True
72,Абылкасымов Нуржан Кенжебекович,Бүтүн Кыргызстан,39.0,True
73,Кудаяров Сагынбек Сапарбаевич,Бүтүн Кыргызстан,40.0,True
74,Жаанов Сабырали Козубаевич,Бүтүн Кыргызстан,29.0,True
75,Джапаралиев Улукбек Тынчтыкбекович,Бүтүн Кыргызстан,42.0,True
76,Абдиллаева Жанаркан Абдиллаевна,Бүтүн Кыргызстан,43.0,True
77,Команова Гульнара Ренатовна,Бүтүн Кыргызстан,44.0,True
78,Садирова Сайкал Нарматовна,Жашылдар Партиясы,33.0,True
79,Мадаминов Таалайбек Абдубаитович,Жашылдар Партиясы,21.0,True
80,Урмамбетова Эльмира Муталыевна,Жашылдар Партиясы,40.0,False
81,Момбекова Айгуль Бийзаковна,Бүтүн Кыргызстан,45.0,True
82,Осмонов Сейдали Омарбекович,Бүтүн Кыргызстан,46.0,True
83,Кульматова Мария Александровна,Бүтүн Кыргызстан,47.0,True
84,Ли Антонина Семеновна,Бүтүн Кыргызстан,48.0,True
85,Руденко Юлия Владимировна,Бүтүн Кыргызстан,49.0,True
86,Омельченко Клим Сергеевич,Бүтүн Кыргызстан,50.0,True
87,Алимбекова Бактыгуль Нурмаматовна,Жашылдар Партиясы,30.0,True
88,Миндиярова Екатерина Андреевна,Бүтүн Кыргызстан,51.0,True
89,Тротченко Надежда Владимировна,Бүтүн Кыргызстан,52.0,True
90,Масыева Салима Закирджановна,Бүтүн Кыргызстан,53.0,True
91,Айтбаев Акыл Казакович,Бүтүн Кыргызстан,54.0,True
92,Клименко Илья Петрович,Бүтүн Кыргызстан,22.0,True
93,Алибаева Айгерим Абдижалиловна,Бүтүн Кыргызстан,41.0,True
94,Довлотов Сейитбек,Бүтүн Кыргызстан,18.0,True
95,Абдумалик уулу Бекмамат,Бүтүн Кыргызстан,38.0,True
96,Готфрид Михаил Михайлович,Жашылдар Партиясы,14.0,True
97,Борубаев Медер Айбекович,Жашылдар Партиясы,29.0,True
98,Абдыраимова Мира Мидиновна,Жашылдар Партиясы,10.0,True
99,Бекбашева Чолпон Аскарбековна,Жашылдар Партиясы,39.0,True
100,Исакова Эльвира Болотбековна,Жашылдар Партиясы,17.0,True
101,Кадырбеков Нуржигит Кадырбекович,Ыйман Нуру,1.0,True
102,Ырыс уулу Медербек,Социал-демократтар,46.0,True
103,Артыков Анвар,Социал-демократтар,18.0,True
104,Курбанов Талайбек Сулайманович,Социал-демократтар,29.0,True
105,Ремнёв Роман Павлович,Жашылдар Партиясы,7.0,True
106,Исмаилов Фархат Даткабаевич,Ата-Журт Кыргызстан,21.0,True
107,Талиева Камила Абдыразаковна,Ата-Журт Кыргызстан,12.0,True
108,Калпаев Бактыяр Алиевич,Ата-Журт Кыргызстан,22.0,True
109,Саякбаев Рустам Темирбекович,Ата-Журт Кыргызстан,23.0,True
110,Атамбаев Кадырбек Алмазбекович,Социал-демократтар,1.0,True
111,Камаева Айчүрөк Үсөнбековна,Социал-демократтар,12.0,True
112,Босивская Кристина Валерьевна,Ата-Журт Кыргызстан,24.0,True
113,Умарова Мохидил Холматовна,Ата-Журт Кыргызстан,25.0,True
114,Торобаев Бакыт Эргешевич,Ата-Журт Кыргызстан,2.0,True
115,Масабиров Талайбек Айтмаматович,Ата-Журт Кыргызстан,11.0,True
116,Нарбаев Каныбек Джайчиевич,Ата-Журт Кыргызстан,13.0,True
117,Михайлов Олег Павлович,Жашылдар Партиясы,11.0,True
118,Усенов Жарашбек Джапакович,Жашылдар Партиясы,24.0,True
119,Зулпуев Саидбек Мейраждинович,Ата-Журт Кыргызстан,26.0,True
120,Исманов Самат Жекшеналиевич,Ата-Журт Кыргызстан,27.0,True
121,Сабиров Равшанбек Азатович,Ата-Журт Кыргызстан,3.0,True
122,Джаманбаева Джамиля Акматбековна,Ата-Журт Кыргызстан,28.0,True
123,Эркебаев Шүкурбек Мамазакирович,Ата-Журт Кыргызстан,29.0,True
124,Сулайманов Эльдар Нурланович,Ата-Журт Кыргызстан,30.0,True
125,Сооронкулова Клара Сыргакбековна,Ата-Мекен,2.0,True
126,Тулендыбаев Пархат Розымович,Ата-Журт Кыргызстан,14.0,True
127,Токтогазиев Тилек Мурсалиевич,Ата-Мекен,4.0,True
128,Турдалиева Чынар Алымкуловна,Ата-Мекен,16.0,False
129,Никитенко Наталья Владимировна,Ата-Мекен,5.0,True
130,Аскаров Эрлан Алсеитович,Ата-Мекен,7.0,True
131,Исаева Джамиля Кубанычбековна,Ата-Журт Кыргызстан,4.0,True
132,Нурбаев Эркинбек Русланович,Ата-Мекен,9.0,True
133,Мустапакулов Алмазбек Пайгамбаркулович,Ата-Мекен,10.0,True
134,Асанов Бектур Жантөрөевич,Ата-Мекен,11.0,True
135,Бекчоро уулу Эрлан,Ата-Мекен,13.0,True
136,Ким Ин Сен,Ата-Мекен,15.0,True
137,Долдоев Таалайбек Анарбаевич,Ата-Мекен,18.0,True
138,Эгембердиев Кубанычбек Мырзамамытович,Ата-Мекен,21.0,True
139,Шаршеналиев Мирлан Молдоисаевич,Ата-Мекен,27.0,True
140,Орумбеков Эрик Колбаевич,Ата-Мекен,30.0,True
141,Турдубаев Айбек Мамаевич,Ата-Мекен,31.0,True
142,Кыргызалиев Бакытбек Насерединович,Ата-Мекен,34.0,True
143,Конокбаев Нурдин Бактыгулович,Ата-Мекен,35.0,True
144,Дюшеева Аэлита Кубанычовна,Ата-Мекен,36.0,True
145,Иванова Валентина Петровна,Ата-Мекен,41.0,True
146,Сабеков Нурбек Дуйшембиевич,Ата-Мекен,42.0,False
147,Ивахник Наталья Владимировна,Ата-Мекен,49.0,True
148,Боронбаев Абдыбахаб Жолдошович,Ата-Журт Кыргызстан,31.0,True
149,Сарыбашов Таалайбек Насирбекович,Ата-Журт Кыргызстан,5.0,True
150,Усеинова Нургуль Эмилькановна,Ата-Журт Кыргызстан,32.0,True
151,Мучкина Александра Александровна,Ата-Мекен,50.0,True
152,Абдалиев Мейкинбек Акимович,Ата-Журт Кыргызстан,33.0,True
153,Текебаев Омурбек Чиркешович,Ата-Мекен,1.0,True
154,Эгембердиев Арсланбек Абдыкайымович,Ата-Журт Кыргызстан,34.0,True
155,Эсенаманов Замирбек Садыбакасович,Ата-Журт Кыргызстан,6.0,True
156,Токтакунов Мухаммедали Нурмаматович,Ата-Мекен,3.0,True
157,Жунушалиева Гүлсүнкан Ишенгазиевна,Ата-Журт Кыргызстан,16.0,True
158,Джурабаева Гульнар Курашбековна,Ата-Мекен,8.0,True
159,Батыров Нурлан Насиралиевич,Ата-Журт Кыргызстан,35.0,True
160,Токторбаев Жеңишбек Шермаматович,Ата-Журт Кыргызстан,7.0,True
161,Суранова Перизаткан Юлдашалиевна,Ата-Мекен,12.0,True
162,Афиджанов Искендер Белекович,Ата-Мекен,14.0,True
163,Борбуев Берадор Сманович,Ата-Журт Кыргызстан,17.0,True
164,Садырбаева Жылдыз Эсенбековна,Ата-Журт Кыргызстан,36.0,True
165,Дуйшенбеков Нурдин Ракымбаевич,Ата-Мекен,17.0,True
166,Караев Мааданбек Адилбекович,Ата-Мекен,19.0,True
167,Мамасалиева Гульгакы Эшмаматовна,Ата-Мекен,20.0,True
168,Жоробеков Афтандил Темирович,Ата-Мекен,22.0,True
169,Мурзаев Сүйүналы Шералиевич,Ата-Мекен,23.0,True
170,Акматова Венера Сайпидиновна,Ата-Мекен,24.0,True
171,Кадыров Бахтияр Сабиржанович,Ата-Журт Кыргызстан,18.0,True
172,Нарматова Надира Азимовна,Ата-Журт Кыргызстан,8.0,True
173,Исаев Жаныбек Базаркулович,Ата-Журт Кыргызстан,19.0,True
174,Кабылов Жайлообек Элдиярович,Ата-Мекен,25.0,True
175,Толонов Чынберди Толонович,Ата-Журт Кыргызстан,37.0,True
176,Жамалов Шукурали Абдыкарович,Ата-Мекен,26.0,True
177,Култаева Гулшаркан Оконовна,Ата-Журт Кыргызстан,20.0,True
178,Газиева Неллифар Абдыжапаровна,Ата-Мекен,46.0,True
179,Нышанов Джайлообай Данибаевич,Ата-Журт Кыргызстан,9.0,True
180,Бекманбетов Фархад Шаршенович,Ата-Журт Кыргызстан,38.0,True
181,Бексултанов Ишенакун Абдилкариевич,Ата-Мекен,47.0,True
182,Зотова Анна Юрьевна,Ата-Мекен,52.0,True
183,Козуев Алишер Абибиллаевич,Ата-Журт Кыргызстан,39.0,True
184,Элеманов Абдималик Исмаилович,Ата-Мекен,54.0,True
185,Кадыров Кубанычбек Бекбосунович,Ата-Журт Кыргызстан,10.0,True
186,Молдалиева Шарийпа Токтоматовна,Ата-Журт Кыргызстан,40.0,True
187,Теңизбаев Камбарбек Асипбаевич,Ата-Мекен,48.0,True
188,Бирюкова Виктория Александровна,Ата-Мекен,45.0,True
189,Алиев Шаршеналы,Ата-Мекен,44.0,True
190,Темирланов Адилет Темирланович,Ата-Мекен,43.0,True
191,Авасканова Каныкей Солтоевна,Ата-Мекен,53.0,True
192,Бакир уулу Турсунбай,Ата-Журт Кыргызстан,15.0,True
193,Айдаров Керимбек Ташболотович,Ата-Мекен,51.0,True
194,Жапаров Гурас Дурболонович,Ата-Мекен,40.0,True
195,Аманалиев Баатырбек Кенешбекович,Ата-Журт Кыргызстан,41.0,True
196,Имаралиева Нурида Абдикеримовна,Ата-Мекен,39.0,True
197,Маматаев Улукбек Калмаматович,Ата-Мекен,38.0,True
198,Медербеков Тынчтык Муратбекович,Ата-Мекен,37.0,True
199,Эрмаматов Искендер Орунбаевич,Ата-Мекен,33.0,True
200,Жолдошова Элнура Иматиллаевна,Ата-Мекен,32.0,True
201,Мойдинов Каныбек Тажидинович,Ата-Мекен,29.0,True
202,Касымова Наргиза Бахтыяровна,Ата-Мекен,28.0,True
203,Турдалиев Уланбек Мамасыдыкович,Ата-Мекен,6.0,True
204,Мырзакматов Мелисбек Жоошбаевич,Улуттар биримдиги,1.0,True
205,Маматов Канатбек Мурзаевич,Ата-Журт Кыргызстан,42.0,True
206,Кыдыкбаев Жаныбек Султанович,Ата-Журт Кыргызстан,43.0,True
207,Болотбеков Бейшенбек,Улуттар биримдиги,3.0,True
208,Попель Валерия Анатольевна,Ата-Журт Кыргызстан,44.0,True
209,Ладожинская Надежда Ивановна,Улуттар биримдиги,4.0,True
210,Ишматов Шерзод,Улуттар биримдиги,11.0,True
211,Дунларова Жамиля Калнуровна,Улуттар биримдиги,12.0,True
212,Абдрахманов Уланбек Есенгельдиевич,Ордо,25.0,True
213,Искандаров Курбанбай Алибаевич,Улуттар биримдиги,13.0,True
214,Иванов Андрей Сергеевич,Улуттар биримдиги,5.0,True
215,Эратов Сайитжан Саматович,Улуттар биримдиги,7.0,True
216,Турганбаев Айбек Калмакович,Улуттар биримдиги,9.0,True
217,Бешимов Аскар Жолчубекович,Улуттар биримдиги,14.0,False
218,Бейшенов Майрамбек Мырзабекович,Улуттар биримдиги,15.0,True
219,Исабеков Кубанычбек Сатиндиевич,Улуттар биримдиги,6.0,True
220,Дороев Азамат Кубанычбекович,Ишеним,1.0,True
221,Аматов Рысбай Аматович,Ишеним,2.0,True
222,Сапарбаева Бактыгуль Кененсариевна,Улуттар биримдиги,16.0,True
223,Эгамбердиева Джумагуль,Улуттар биримдиги,8.0,True
224,Макешов Чингиз Дуйшенкулович,Ынтымак,1.0,True
225,Маматалиев Марлен Абдырахманович,Ынтымак,2.0,True
226,Куручбеков Аскарбек Бактыбекович,Ыйман Нуру,2.0,True
227,Алиев Медербек Кубанычевич,Ишеним,3.0,True
228,Тентишев Бакыт Эркинович,Ынтымак,3.0,True
229,Мамажакыпова Чынара Жуманазаровна,Ыйман Нуру,3.0,False
230,Ашимова Динара Ашимовна,Ыйман Нуру,4.0,True
231,Жолдошбеков Бактыбек Абдылдабекович,Улуттар биримдиги,18.0,True
232,Ильина Жанна Васильевна,Ишеним,4.0,True
233,Сыдыгалиев Нурбек Омурбекович,Ишеним,5.0,True
234,Акимов Турат Кудайбергенович,Улуттар биримдиги,19.0,True
235,Исатбек кызы Аида,Ынтымак,4.0,True
236,Ормонов Улугбек Зулпукарович,Ишеним,6.0,True
237,Рахимов Мамыржан Тойчиевич,Ишеним,7.0,True
238,Карабаева Канымбу Исираиловна,Ишеним,18.0,True
239,Аманова Бурун Кушбековна,Ишеним,8.0,True
240,Джусупов Эмилбек Рамидинович,Ишеним,9.0,True
241,Досалиев Акуналы Атамырзаевич,Ишеним,10.0,True
242,Култаева Умут Баймуратовна,Улуттар биримдиги,20.0,True
243,Федоров Дмитрий Иванович,Улуттар биримдиги,10.0,True
244,Аккулов Абдижапар Ураимович,Улуттар биримдиги,21.0,True
245,Кадыров Талантбек,Улуттар биримдиги,37.0,True
246,Асанов Чолпонбек Жусупович,Улуттар биримдиги,22.0,True
247,Боронбаева Эльнура Кочконовна,Улуттар биримдиги,36.0,True
248,Бегалиев Бакай Кылычбекович,Улуттар биримдиги,23.0,True
249,Кайыпов Абдыкапар Турдуевич,Улуттар биримдиги,35.0,True
250,Келдибаев Сагындык Аширалиевич,Ынтымак,5.0,False
251,Жоробеков Тариел Улукбекович,Ынтымак,6.0,True
252,Алдакулов Тургунбай Абдирасулович,Улуттар биримдиги,34.0,True
253,Омурзаков Суйунбек Абдылдаевич,Ишеним,11.0,True
254,Абдалиев Кабыл Кушбакович,Ишеним,20.0,True
255,Муратова Гулкайыр Каныбековна,Ишеним,12.0,True
256,Мажитова Шарапаткан,Ынтымак,8.0,True
257,Шабазов Бахридин Валиевич,Ишеним,13.0,True
258,Абдыхалыков Нурлан Нишанбаевич,Ишеним,14.0,True
259,Шыкмаматов Алмамбет Насырканович,Ынтымак,9.0,True
260,Базарбаев Сагынбек Төлөнбаевич,Ыйман Нуру,6.0,True
261,Кайыпов Эржан Сулайманович,Улуттар биримдиги,38.0,True
262,Карыбеков Арзыбек Кенжекулович,Ынтымак,10.0,False
263,Абиров Мыктыбек Медетбекович,Улуттар биримдиги,33.0,True
264,Акимов Абдиталип Паттаевич,Ынтымак,11.0,True
265,Темирбаева Миргул Омурзаковна,Ишеним,15.0,True
266,Жумабаев Элгис Каримжанович,Улуттар биримдиги,39.0,True
267,Турдубаева Гулсара,Улуттар биримдиги,32.0,True
268,Айдаралиев Эрнис Шарабидинович,Ыйман Нуру,7.0,True
269,Маматова Самара Камилжановна,Улуттар биримдиги,40.0,True
270,Тагаев Алманбет Анарбаевич,Ишеним,22.0,True
271,Арапбаев Руслан Арапбаевич,Ишеним,16.0,True
272,Туманбаева Рада Мураталыевна,Ынтымак,12.0,True
273,Мамытов Абдылдабек Жаныбекович,Улуттар биримдиги,41.0,True
274,Умарбеков Шерзодбек Абдурашитович,Ишеним,23.0,True
275,Исмаилов Уланбек Чекишевич,Ишеним,17.0,True
276,Алыбаева Жаңыл Ишенбековна,Ыйман Нуру,8.0,False
277,Подобедов Олег Владимирович,Ишеним,37.0,True
278,Карабаев Нурбек Шайлообекович,Улуттар биримдиги,30.0,True
279,Түлөбаев Балбак Зарлыкович,Ынтымак,13.0,True
280,Султанбекова Чолпон Аалыевна,Ишеним,24.0,True
281,Камалов Эрлан Токтоназарович,Ыйман Нуру,9.0,True
282,Касымбеков Жаркынбек Орозбекович,Ынтымак,14.0,True
283,Степанюк Александр Владимирович,Ишеним,38.0,True
284,Абдылдаев Азамат Адылбекович,Улуттар биримдиги,42.0,True
285,Боромбаев Азимкул Рыскулович,Ишеним,25.0,True
286,Кокулов Эрулан Калчороевич,Ынтымак,15.0,True
287,Эркебаев Азат Абдыганиевич,Ишеним,26.0,True
288,Муратбеков Табылды Муратбекович,Ыйман Нуру,15.0,True
289,Болотов Нурбек,Улуттар биримдиги,31.0,True
290,Турсункулов Кутман Нурланович,Ынтымак,17.0,True
291,Маткаликов Абдупата Жороевич,Ишеним,39.0,True
292,Даанышман Мирлан,Ыйман Нуру,11.0,True
293,Шаменова Гулжамал Аттокуровна,Ишеним,40.0,True
294,Калыкова Дарыйка Буркановна,Ишеним,27.0,True
295,Калыкова Айпери Кубанычбековна,Ыйман Нуру,12.0,True
296,Абакиров Илисбек Чокаевич,Ишеним,41.0,True
297,Асанов Шавкат Сатымкулович,Ишеним,28.0,True
298,Кыдыкеев Сыргак Билялович,Ынтымак,18.0,True
299,Тобокел уулу Алтынбек,Ишеним,42.0,True
300,Мирзалиев Мирхамза Алангирович,Улуттар биримдиги,29.0,True
301,Солтобаев Тилек Асанович,Ишеним,43.0,True
302,Эргешов Казыбек Кочкорович,Ынтымак,19.0,True
303,Алимжан уулу Санжар,Ишеним,29.0,True
304,Медетбеков Артур Капарович,Улуттар биримдиги,2.0,True
305,Лурова Лейла Хияновна,Ынтымак,16.0,True
306,Саланов Кылычбек Арзыбекович,Улуттар биримдиги,43.0,True
307,Момбекова Бактыгүл Замирбековна,Улуттар биримдиги,44.0,True
308,Турусбекова Эльмира Султанбековна,Ишеним,30.0,True
309,Абдибаева Айсара Нышановна,Ишеним,44.0,True
310,Рустамбек уулу Советбек,Ишеним,45.0,True
311,Мамыров Абдырайым Мамырович,Ынтымак,21.0,True
312,Алкадырова Сеиль Муканбетовна,Улуттар биримдиги,28.0,True
313,Мидин уулу Канатбек,Ынтымак,22.0,True
314,Тагаев Заир Муталович,Ишеним,46.0,True
315,Файзуллаев Нурилло Шукириллоевич,Ынтымак,23.0,True
316,Жалолидинов Рашид Сайпидинович,Ишеним,31.0,True
317,Холодкова Елена Борисовна,Улуттар биримдиги,45.0,True
318,Ташматов Алишер Богардиевич,Улуттар биримдиги,27.0,True
319,Телеушева Айнура Толенбергеновна,Ынтымак,24.0,True
320,Ормонов Жапарбек Туратович,Ишеним,32.0,True
321,Акаев Кылычбек Муталиевич,Ынтымак,25.0,True
322,Арзыбаев Ныязбек Ирашевич,Ишеним,47.0,True
323,Калбердиева Мавлюда Калмаматовна,Ишеним,33.0,True
324,Кочкарова Эристина Азрет-Алиевна,Ишеним,48.0,True
325,Сейтказиев Замирбек Сайдакматович,Ынтымак,26.0,True
326,Турусбеков Бактыбек Сагындыкович,Ынтымак,27.0,True
327,Мураталиев Марат Молдонович,Ишеним,35.0,True
328,Мадияров Токтосун Ормонбекович,Ишеним,49.0,True
329,Осмонова Айнура Шермаматовна,Ишеним,36.0,True
330,Ташибекова Гульнара Адыловна,Ынтымак,28.0,True
331,Шейшеканов Данияр Турдубекович,Ишеним,50.0,True
332,Таалайбек кызы Жылдыз,Ишеним,19.0,True
333,Сыдыков Мурадил Жанышбекович,Ынтымак,29.0,True
334,Молдоярова Дамира Батыркуловна,Ишеним,21.0,True
335,Каналиев Бактыбек Эркинович,Ишеним,51.0,True
336,Дуулатов Айбек Дуулатович,Ынтымак,30.0,True
337,Норматов Мухудин Маликович,Улуттар биримдиги,26.0,True
338,Шашко Ирина Васильевна,Ишеним,52.0,True
339,Примкулов Мирланбек Исламбекович,Ишеним,53.0,True
340,Жакышов Русланбек Шергазиевич,Ишеним,54.0,True
341,Абакиров Ноорузбек Курбанбекович,Улуттар биримдиги,25.0,True
342,Гусейнова Сабина Этибар Заде,Улуттар биримдиги,24.0,True
343,Карыбаев Урмат,Улуттар биримдиги,46.0,True
344,Жаманбаев Бакытбек Ташибекович,Улуттар биримдиги,47.0,True
345,Джанузакова Салтанат Смаиловна,Улуттар биримдиги,48.0,True
346,Боташов Рухулло Абдуллажанович,Улуттар биримдиги,49.0,True
347,Низамиев Абдурашит Гумарович,Улуттар биримдиги,50.0,True
348,Тапвалдиева Дилноза Абдивосиловна,Улуттар биримдиги,52.0,True
349,Курманбек кызы Наргиза,Улуттар биримдиги,53.0,True
350,Джаркимбаева Асель Советовна,Улуттар биримдиги,54.0,True
351,Айтымбетов Эрнис Жамадилович,Ынтымак,31.0,True
352,Мамасадыков Замирбек Дуйшалыевич,Ыйман Нуру,13.0,True
353,Султанкулов Нурадин Калыйнурович,Ыйман Нуру,14.0,True
354,Еланцева Ирина Сергеевна,Ыйман Нуру,16.0,True
355,Ахмедов Канатбек Абдурашидович,Ынтымак,33.0,True
356,Малабеков Данияр Турусбекович,Ынтымак,34.0,True
357,Камбаров Талант Бекенович,Ыйман Нуру,53.0,True
358,Казматов Канатбек Кубанычбекович,Ыйман Нуру,17.0,True
359,Умарахунов Исакжан Адылович,Ыйман Нуру,18.0,True
360,Дамиров Кубанычбек Дамирович,Ыйман Нуру,19.0,True
361,Эргешов Байгазы Анаркулович,Ынтымак,35.0,True
362,Туроходжаева Виктория Исламжановна,Ыйман Нуру,20.0,True
363,Усупов Улан Саламатович,Ыйман Нуру,21.0,True
364,Мукашев Эрмек Жайлообаевич,Ыйман Нуру,22.0,True
365,Бекботоев Темирлан Сарымсакович,Ыйман Нуру,23.0,True
366,Алиева Фидан Мирзабабаевна,Ынтымак,36.0,True
367,Маматтайр уулу Элдияр,Ыйман Нуру,25.0,True
368,Зазаза Зульфия Бекаровна,Ыйман Нуру,26.0,True
369,Төрөбеков Максатбек Асилбекович,Ыйман Нуру,27.0,False
370,Тагаев Мыктыбек Исманалиевич,Ынтымак,37.0,True
371,Бакиров Таалайбек Октябревич,Ынтымак,38.0,True
372,Базаралиев Абдижалил Кермалиевич,Ынтымак,39.0,True
373,Барыктабасова Бермет Касымбековна,Ынтымак,40.0,True
374,Шаршембиев Бектурган Асанович,Ордо,47.0,True
375,Бакасов Тагайбек Самарканович,Ынтымак,41.0,True
376,Саттаров Рахимджан Шарипович,Ынтымак,42.0,True
377,Калмурзаев Тимур Абдылдаевич,Ынтымак,43.0,True
378,Мурзабаева Айтбү Бусурманкуловна,Ордо,8.0,True
379,Раимбердиев Досмухамед Эркинбаевич,Ата-Журт Кыргызстан,45.0,True
380,Урумкалиева Чинара Чалагызовна,Ынтымак,44.0,True
381,Уметалиев Мирбек Сарылбекович,Ата-Журт Кыргызстан,47.0,True
382,Каримов Тариел Келдибекович,Ынтымак,47.0,True
383,Сарысейитова Бактыгул Токтоболотовна,Ата-Журт Кыргызстан,48.0,True
384,Турдалиев Айбек Чыныбекович,Ордо,2.0,False
385,Сыдыкова Гулбара Бектургановна,Ынтымак,48.0,True
386,Крашенинникова Алена Юрьевна,Ынтымак,49.0,True
387,Карыбекова Чолпон Абдыкалыковна,Ынтымак,50.0,True
388,Энназаров Мирлан Арзыкулович,Ынтымак,51.0,True
389,Исаева Вероника Владимировна,Ынтымак,52.0,True
390,Жантемиров Самат Белекович,Ордо,18.0,True
391,Годунова Елена Владимировна,Ынтымак,53.0,True
392,Джапаров Кубан Болотбекович,Улуттар биримдиги,17.0,True
393,Абдырахманов Жаныбек Азаматович,Улуттар биримдиги,51.0,True
394,Абдибапов Абдилла Исмайылович,Ата-Журт Кыргызстан,49.0,True
395,Насыралиев Русланбек Осмонбекович,Ынтымак,54.0,True
396,Ибраимов Максатбек Тургунбекович,Ата-Журт Кыргызстан,50.0,True
397,Базаров Алмазбек Бакирович,Ордо,27.0,True
398,Пак Елена Владимировна,Ата-Журт Кыргызстан,51.0,True
399,Жунушбаева Рахат Мырзабековна,Ынтымак,32.0,True
400,Байсабаева Мээрим Байтурсуновна,Ордо,37.0,True
401,Замирбекова Айканыш Замирбековна,Ата-Журт Кыргызстан,52.0,True
402,Бекмырзаев Арсен Сарыбашевич,Жашылдар Партиясы,13.0,True
403,Оморов Асыкбек Мамбетакунович,Ордо,9.0,True
404,Темирканов Элназар Темирканович,Жашылдар Партиясы,3.0,True
405,Шаршембаева Джамиля Бакытовна,Ордо,12.0,True
406,Келдибеков Ахматбек Келдибекович,Азаттык,15.0,True
407,Марипова Адинай Мариповна,Ынтымак,20.0,True
408,Дуйшембиев Улан Жолдошбекович,Ынтымак,45.0,True
409,Абдрахманов Октябрь Борисович,Ынтымак,46.0,True
410,Жамишбаева Мадина Жолдосбековна,Ата-Журт Кыргызстан,53.0,True
411,Мамытов Мирлан Рысбекович,Ордо,34.0,True
412,Макеев Керимберди Жакыпович,Ата-Журт Кыргызстан,54.0,True
413,Кожогулов Нурдан Мусаевич,Ордо,46.0,True
414,Самаков Мирбек Нурдинович,Ордо,43.0,True
415,Раимбачаева Винера Калыбековна,Ыйман Нуру,28.0,True
416,Абдырахманова Аида Мусуркановна,Ыйман Нуру,29.0,True
417,Нурлан уулу Элдияр,Ордо,39.0,True
418,Маахунов Лугмар Ихияевич,Ыйман Нуру,30.0,True
419,Омурзаков Камчыбек Омурзакович,Ордо,15.0,False
420,Бурханов Асатилло Абдиевич,Ишеним,34.0,True
421,Караш Сато Насер,Ыйман Нуру,31.0,True
422,Крылова Дарья Николаевна,Ыйман Нуру,32.0,True
423,Рыскелдиев Нурлан Суйундукович,Ордо,3.0,True
424,Астаров Данияр Бектурович,Күчтүү регион,2.0,True
425,Ибраев Бакыт Рыскелдиевич,Мекенчил Эл,1.0,True
426,Абакир уулу Эрлан,Күчтүү регион,12.0,True
427,Сагынбеков Бексултан Муратбекович,Ордо,26.0,True
428,Абдыкеримов Урматбек Амантурович,Ыйман Нуру,33.0,True
429,Асакеева Бурул,Күчтүү регион,3.0,True
430,Сардарбекова Айнура Ержановна,Ыйман Нуру,34.0,True
431,Кошоев Ахунбай,Мекенчил Эл,3.0,True
432,Турсуналиев Бактыбек Жумаканович,Күчтүү регион,4.0,True
433,Угрюмова Наталья Александровна,Ата-Журт Кыргызстан,46.0,True
434,Джумагазиева Нуржан Курманбековна,Мекенчил Эл,8.0,True
435,Мамбетакунов Аманбек Садыбакасович,Күчтүү регион,27.0,True
436,Тиллебаев Маматкадыр Сабирович,Мекенчил Эл,5.0,True
437,Төлөбеков Өмүрзак Джолдошович,Мекенчил Эл,2.0,True
438,Мыктыбек Адилет Али,Жашылдар Партиясы,8.0,False
439,Молдоисаев Нарынбек Советович,Мекенчил Эл,6.0,True
440,Отунчиев Урматбек Шайлообекович,Күчтүү регион,11.0,True
441,Чоткараев Абил Алияскарович,Жашылдар Партиясы,19.0,True
442,Бейшекеев Калыгул Талантбекович,Ыйман Нуру,35.0,True
443,Мамырова Асипа Абдылдаевна,Ыйман Нуру,36.0,False
444,Ыбыкеев Таалайбек Мырзабекович,Ыйман Нуру,37.0,True
445,Жумабаева Мунира Ашимовна,Ыйман Нуру,38.0,True
446,Исмаилов Айбек Улугбекович,Ыйман Нуру,39.0,True
447,Джунусов Ибрагим Коджоназарович,Азаттык,3.0,True
448,Орозматова Чолпон Шараповна,Ыйман Нуру,40.0,True
449,Нышанов Сайдулла Канболотович,Альянс,50.0,True
450,Ташанов Русланбек Максытович,Ыйман Нуру,41.0,True
451,Кайыпов Замирбек Саякбаевич,Ыйман Нуру,42.0,True
452,Каримова Наргиза Анваровна,Альянс,51.0,True
453,Акматов Темирлан Рысбаевич,Ыйман Нуру,43.0,True
454,Юбуза Зульфия Ламзаровна,Ыйман Нуру,44.0,True
455,Алимжанов Фарходбек Айбекович,Альянс,6.0,True
456,Жамангулов Жоомарт Кубанбекович,Ыйман Нуру,45.0,True
457,Шакиров Каныбек Кадырович,Ыйман Нуру,46.0,True
458,Абдиев Илимбек Атантаевич,Ыйман Нуру,47.0,True
459,Махмутова Алтынай Фанисовна,Ыйман Нуру,48.0,True
460,Бекова Алмакан,Аруузат-Эл Куту,1.0,True
461,Сагынбаев Жолдубай Борүбаевич,Ыйман Нуру,50.0,True
462,Махмудова Наргиза Абдилазизовна,Аруузат-Эл Куту,2.0,True
463,Байтаев Акылбек Аттакурович,Ыйман Нуру,51.0,True
464,Бейшеева Нарина Доктурбековна,Ыйман Нуру,52.0,True
465,Токтогазиев Темирбек Шукурбекович,Аруузат-Эл Куту,4.0,True
466,Окумалиев Расул Эркинбекович,Ыйман Нуру,54.0,True
467,Орозматова Азиза Шараповна,Ыйман Нуру,24.0,True
468,Сальпиева Нургуль Шаршенбековна,Аруузат-Эл Куту,5.0,True
469,Эралиев Данияр Айткулович,Ыйман Нуру,10.0,True
470,Айжигитов Султанбай Абдрашитович,Ыйман Нуру,5.0,True
471,Эрматов Байсалбек Эрдоолатович,Ыйман Нуру,49.0,True
472,Омурзакова Турсунай,Аруузат-Эл Куту,6.0,True
473,Тажибаева Айлархан Юлдашевна,Аруузат-Эл Куту,7.0,True
474,Эрмекбаев Шамырбек Бегинбаевич,Аруузат-Эл Куту,8.0,True
475,Турсуниязова Дамира Азизбековна,Аруузат-Эл Куту,10.0,True
476,Рамазанова Эсения Арстанбековна,Аруузат-Эл Куту,11.0,True
477,Молдакматов Асылбек Болотбекович,Аруузат-Эл Куту,12.0,True
478,Өмүрбай кызы Чолпон,Аруузат-Эл Куту,13.0,True
479,Исмаилова Жыргал Кусейиновна,Аруузат-Эл Куту,14.0,False
480,Жунусбаева Минура Балтабаевна,Аруузат-Эл Куту,15.0,True
481,Жолдошбеков Эльдар Жолдошбекович,Аруузат-Эл Куту,16.0,True
482,Дүйшөналиева Фатима Жумабековна,Аруузат-Эл Куту,17.0,True
483,Чотонова Гүлсина Баймырзаевна,Аруузат-Эл Куту,19.0,True
484,Мамедов Нусрет Муса-Оглы,Аруузат-Эл Куту,20.0,True
485,Жумалиева Ырыскан Дүйшөналиевна,Аруузат-Эл Куту,21.0,True
486,Молдосанова Алымжан Сулаймановна,Аруузат-Эл Куту,22.0,False
487,Карымшакова Сырга Жолдошбековна,Аруузат-Эл Куту,23.0,True
488,Булашов Валерий Дмитриевич,Аруузат-Эл Куту,24.0,True
489,Байжигитова Гүлжамал Байышбековна,Аруузат-Эл Куту,25.0,True
490,Борубаева Динара Туратовна,Аруузат-Эл Куту,26.0,True
491,Текенова Назгуль Кубатбековна,Аруузат-Эл Куту,27.0,True
492,Мамалжанов Аскар Акынбекович,Аруузат-Эл Куту,28.0,True
493,Зикирова Нуржамал Сагинбаевна,Аруузат-Эл Куту,29.0,True
494,Эркебекова Буалма Жээнбековна,Аруузат-Эл Куту,30.0,True
495,Жороева Венера Таевна,Аруузат-Эл Куту,31.0,True
496,Жунусбаева Патила Балтабаевна,Аруузат-Эл Куту,33.0,True
497,Омуракунова Кыял Жумабековна,Аруузат-Эл Куту,34.0,True
498,Боогачиева Сүйүмкан Базарбековна,Аруузат-Эл Куту,35.0,True
499,Жунусбаев Динисбек Балтабаевич,Аруузат-Эл Куту,36.0,True
500,Супаканова Айсалкын Алмазбековна,Аруузат-Эл Куту,37.0,True
501,Джусупбекова Гульнара Жангазиевна,Аруузат-Эл Куту,38.0,True
502,Жумаев Эсен Аринович,Аруузат-Эл Куту,40.0,False
503,Жаанбаева Алтын Зайнадиновна,Аруузат-Эл Куту,41.0,True
504,Калдарова Айгерим Жолдошбековна,Аруузат-Эл Куту,42.0,True
505,Апылаева Гулифа Кожоевна,Аруузат-Эл Куту,43.0,True
506,Долатбек уулу Сабырбек,Аруузат-Эл Куту,44.0,True
507,Жумаев Тургунбек Нуркамилович,Аруузат-Эл Куту,48.0,True
508,Насиров Таалайбек Калдыбаевич,Аруузат-Эл Куту,49.0,True
509,Мураталиев Акылбек Кыдырович,Аруузат-Эл Куту,54.0,False
510,Баратов Барпыбай Арзыбаевич,Аруузат-Эл Куту,51.0,True
511,Солпуев Эгемберди Жолдошевич,Аруузат-Эл Куту,52.0,True
512,Бердалиев Бакир Калимович,Ордо,17.0,True
513,Алимжанова Нилуфар Якубжановна,Альянс,32.0,True
514,Молдобекова Гулкан Сакиновна,Альянс,28.0,True
515,Яремчук Наталья Дмитриевна,Альянс,53.0,True
516,Омуракунова Айжан Намазбековна,Ордо,51.0,True
517,Койчуманова Чинара Джолдошбековна,Ордо,41.0,True
518,Зикиров Советбек Абдилажанович,Аруузат-Эл Куту,39.0,True
519,Сапарбаев Эрлан Турдакунович,Альянс,46.0,True
520,Ажимаматов Азамат Жанибекович,Альянс,29.0,True
521,Шакирова Сохиба Азамджановна,Азаттык,42.0,True
522,Осмонов Евраз Арысланбекович,Альянс,17.0,True
523,Сушанло Муслим Рахимович,Ордо,23.0,True
524,Тынысова Чынар Аалкановна,Альянс,20.0,True
525,Савицкий Александр Васильевич,Күчтүү регион,1.0,True
526,Абакиров Эльдар Курманбекович,Альянс,7.0,True
527,Мамбетакунов Сталбек Советович,Күчтүү регион,7.0,True
528,Самигуллина Альфия Эльдаровна,Социал-демократтар,35.0,True
529,Исаков Толкунбек Маматович,Альянс,25.0,True
530,Коёналиев Жоошбек Кармышович,Социал-демократтар,11.0,True
531,Абдуллажанов Султанбек Мухтарович,Социал-демократтар,5.0,True
532,Айдаров Оросбек Бактыкеевич,Альянс,45.0,True
533,Тургунбаев Замирбек Жолболдуевич,Социал-демократтар,26.0,True
534,Айдарбеков Чингиз Азаматович,Альянс,3.0,True
535,Кадырбеков Ишенбай Дюшенбиевич,Социал-демократтар,3.0,True
536,Мамбетова Масудахан Жакыповна,Социал-демократтар,31.0,True
537,Иманалиева Каныкей Жекшенкуловна,Мекенчил Эл,40.0,True
538,Ибраев Сыргак Аскарбекович,Социал-демократтар,23.0,True
539,Акжолова Мейманбу Жолдошевна,Мекенчил Эл,50.0,True
540,Уркунбаев Нургазы Эркинбекович,Аруузат-Эл Куту,47.0,False
541,Карымов Айбек Усенович,Мекенчил Эл,13.0,True
542,Момуналиев Талгарбек,Мекенчил Эл,37.0,True
543,Исаев Кубатбек Жусупалиевич,Социал-демократтар,37.0,True
544,Рысбаев Талантбек Казыбаевич,Мекенчил Эл,15.0,True
545,Халдарова Динара Абдумухтаровна,Азаттык,8.0,True
546,Ташбулатов Полотбек Нурматович,Мекенчил Эл,19.0,True
547,Курманбаев Алимбек Мамбетович,Жашылдар Партиясы,42.0,True
548,Абакиров Женишбек Оморович,Мекенчил Эл,25.0,True
549,Айнакулов Мухтарбек Айнакулович,Социал-демократтар,17.0,True
550,Малтаева Кундус Бейшеновна,Социал-демократтар,27.0,True
551,Маткулов Майрамбек Аязбекович,Мекенчил Эл,27.0,True
552,Абдуллаева Манзура Закировна,Азаттык,48.0,True
553,Сагынбек уулу Кубан,Ордо,38.0,True
554,Ороке уулу Ырысбек,Мекенчил Эл,10.0,True
555,Тобокел кызы Каухар,Жашылдар Партиясы,27.0,True
556,Мияров Мирбек Ибаратович,Ордо,1.0,True
557,Кодуранова Асель Союзбековна,Социал-демократтар,6.0,True
558,Ашырбаева Нуризат Карыбековна,Мекенчил Эл,16.0,True
559,Асаналиева Гүлжамал Акматовна,Мекенчил Эл,46.0,True
560,Алмаз уулу Аскар,Эл Үмүтү,54.0,True
561,Асанбаев Халиф Намазбекович,Ордо,6.0,True
562,Зайцева Альбина Ивановна,Альянс,52.0,True
563,Букуев Медетбек Омошевич,Альянс,54.0,True
564,Момбеков Рыскелди Чыныбекович,Социал-демократтар,2.0,True
565,Намазбеков Абдыкерим Жусупович,Мекенчил Эл,21.0,True
566,Торокулов Дүйшөн Гуламкадырович,Альянс,18.0,True
567,Рустамов Абдыкалык Алибекович,Социал-демократтар,28.0,True
568,Ибрагимов Болот Адылбекович,Эл Үмүтү,1.0,True
569,Сакматова Имараткан Боругуловна,Мекенчил Эл,24.0,False
570,Жунусов Адилбек Жаныбекович,Мекенчил Эл,41.0,True
571,Кожобеков Жолдошбек Асанович,Альянс,10.0,True
572,Сагынаев Болот Турусбекович,Эл Үмүтү,3.0,True
573,Жаанбаева Гульмира Боороновна,Мекенчил Эл,4.0,True
574,Акаев Жанарбек Кубанычович,Альянс,2.0,True
575,Бейшебеков Анарбек Кеңешович,Мекенчил Эл,30.0,True
576,Ырысбек кызы Канышай,Эл Үмүтү,4.0,True
577,Кокумов Жоомарт Жамалбекович,Мекенчил Эл,23.0,True
578,Ткаченко Вера Сергеевна,Ордо,54.0,True
579,Исманов Абдиалим Абдукайымович,Альянс,31.0,True
580,Давлянов Дамирбек Тайырбекович,Эл Үмүтү,5.0,True
581,Иматали уулу Келдибек,Мекенчил Эл,17.0,True
582,Акбарова Кыйматхон Акрамжон Кизи,Мекенчил Эл,32.0,False
583,Николаев Вячеслав Сергеевич,Эл Үмүтү,6.0,True
584,Ташматов Алибек Айтбекович,Эл Үмүтү,7.0,True
585,Асанбеков Ырысбек Бактыбекович,Мекенчил Эл,22.0,True
586,Нурдинов Бейшеналы,Социал-демократтар,7.0,True
587,Кудайбергенов Кубанычбек Молдокматович,Альянс,39.0,True
588,Ашырматова Бактыгүл Тилековна,Эл Үмүтү,8.0,True
589,Боромбаев Бакыт Омурканович,Мекенчил Эл,29.0,True
590,Нурдинов Байгелди Илиязович,Альянс,34.0,True
591,Бекназаров Руслан Азимбекович,Азаттык,5.0,True
592,Бебезова Зухра Юрьевна,Альянс,24.0,True
593,Кислов Денис Сергеевич,Мекенчил Эл,14.0,True
594,Тиллаев Таабалды Гапырович,Альянс,14.0,True
595,Жайылмышов Дулатбек Алымович,Мекенчил Эл,11.0,True
596,Үсөнбаев Самат Арзыматович,Мекенчил Эл,9.0,True
597,Сабиров Шерзод Давранович,Эл Үмүтү,9.0,True
598,Сейдахматов Талантбек Кайриллаевич,Мекенчил Эл,45.0,True
599,Джаналиева Юлия Сергеевна,Альянс,12.0,True
600,Карыбек уулу Улукбек,Эл Үмүтү,2.0,True
601,Курманова Тамара Аблабековна,Ордо,16.0,True
602,Өмүракунов Жанарбек Намазбекович,Ордо,10.0,True
603,Мадеминов Мурадыл Ганыевич,Социал-демократтар,8.0,True
604,Мамыров Акылбек Абдикаримович,Альянс,22.0,True
605,Байбулатов Эльдар Муратбекович,Эл Үмүтү,10.0,True
606,Сайбиева Нуржамал Жолчуевна,Альянс,47.0,True
607,Качибеков Кушубек Исанович,Мекенчил Эл,39.0,True
608,Орозова Карамат Бабашевна,Социал-демократтар,10.0,True
609,Исакова Анаргүл Исраиловна,Эл Үмүтү,12.0,True
610,Асаналиев Адилет Талантбекович,Ордо,11.0,True
611,Мамашова Айсулуу Турусбековна,Альянс,8.0,True
612,Абдыкеримов Тариэль Арланович,Эл Үмүтү,11.0,True
613,Кермалиев Таалайбек Женишович,Социал-демократтар,25.0,True
614,Сарбагыш уулу Төлөгөн,Альянс,26.0,True
615,Кубанов Нурсултан Кубанович,Эл Үмүтү,13.0,True
616,Искаков Эртай Дуйшобекович,Эл Үмүтү,14.0,True
617,Капарова Чынара Абдылдаевна,Альянс,16.0,True
618,Осмоналиев Каныбек Муктарканович,Ордо,7.0,True
619,Жеенчороев Мирлан Канатбекович,Альянс,1.0,True
620,Тарасова Ирина Викторовна,Эл Үмүтү,20.0,True
621,Токтобеков Азат Өмүрбекович,Ордо,13.0,True
622,Каипов Ильясбек Замирович,Эл Үмүтү,17.0,True
623,Байгазиева Айсулу Ашировна,Мекенчил Эл,36.0,True
624,Шаякматов Ниязбек Дүйшөнбекович,Эл Үмүтү,18.0,True
625,Акматов Уларбек Алмасканович,Ордо,22.0,True
626,Калчаев Наристе Догдуркулович,Эл Үмүтү,19.0,True
627,Бекчороева Лира Джакыпбековна,Социал-демократтар,43.0,True
628,Мелолю Тимур Губеевич,Ордо,44.0,True
629,Досалиева Айдай Баялиевна,Эл Үмүтү,16.0,True
630,Ибрагимов Ниматулла Курбанович,Мекенчил Эл,34.0,True
631,Жекшенов Талант Табылбекович,Эл Үмүтү,21.0,True
632,Темиркулов Таалай Орунбекович,Социал-демократтар,21.0,True
633,Борбукеева Рита Нурмаметовна,Социал-демократтар,20.0,True
634,Бердибаев Улан Тилекович,Эл Үмүтү,15.0,True
635,Парпуваев Алмазбек Парпуваевич,Эл Үмүтү,22.0,True
636,Курманалиев Каныбек Мелисович,Эл Үмүтү,23.0,True
637,Джаилова Асель Джумабековна,Эл Үмүтү,24.0,True
638,Батырканов Бекзат Каимович,Эл Үмүтү,25.0,True
639,Болтуруков Данияр Омурбекович,Эл Үмүтү,26.0,True
640,Алмамбетов Динмухамед Ишенбекович,Эл Үмүтү,27.0,True
641,Халибеков Ших-Сефи Халибекович,Мекенчил Эл,35.0,True
642,Акатова Айзада Канатовна,Ордо,4.0,True
643,Казакбай кызы Айжан,Мекенчил Эл,20.0,True
644,Коеналиев Алтынбек Башибекович,Мекенчил Эл,42.0,True
645,Ахмедова Жибек Ахмедовна,Альянс,48.0,True
646,Калмаматов Бактыбек Орозалиевич,Азаттык,7.0,True
647,Акимов Нурланбек Куванычбекович,Альянс,30.0,True
648,Иманбекова Айнура Касымкуловна,Альянс,40.0,True
649,Кошматов Бекболот Кошматович,Альянс,43.0,True
650,Намазалиев Алтынбек Абдисаламович,Азаттык,9.0,True
651,Арзиев Эсенбек Маматкаримович,Альянс,27.0,True
652,Исамамбетов Кылычбек Байышович,Азаттык,10.0,True
653,Уракунова Жылдыз Имангазиевна,Альянс,44.0,True
654,Джетыбаев Нуртазин Алымкулович,Альянс,41.0,True
655,Мамбетова Майрамхан Жалаловна,Азаттык,20.0,True
656,Сулайманов Максатбек Жолдошбекович,Альянс,9.0,True
657,Абдыраева Алтынай Омурбаевна,Альянс,36.0,True
658,Жамгырчиев Эмил Эрикович,Альянс,15.0,True
659,Умаров Русланбек Камилович,Азаттык,32.0,True
660,Асанбекова Айымкүл Талгатбековна,Мекенчил Эл,47.0,True
661,Мурашев Нурбек Мурпазылжанович,Альянс,11.0,True
662,Ким Андрей Ильич,Альянс,33.0,True
663,Колеватов Сергей Михайлович,Мекенчил Эл,26.0,True
664,Исираилов Азамат Алмазбекович,Альянс,42.0,True
665,Намасалиев Юруслан Бейшенкулович,Ордо,21.0,True
666,Эсеналиев Белек Төлөбекович,Багыт,1.0,True
667,Сакиева Зина Аманбаевна,Альянс,49.0,True
668,Жеңиш кызы Элвира,Ордо,33.0,True
669,Асанов Самаган Алитороевич,Багыт,2.0,True
670,Отунчиев Самат Ооматбекович,Багыт,3.0,True
671,Нажмидинов Дилшод Гуломжонович,Альянс,37.0,True
672,Абдыллаева Гулнара Оморовна,Ордо,20.0,True
673,Зимин Игорь Викторович,Ордо,14.0,True
674,Окенова Ырыскүл Океновна,Багыт,4.0,True
675,Жапаров Калыбек Арзибекович,Багыт,5.0,True
676,Ибраев Мирлан Маратович,Багыт,6.0,True
677,Дилдебек уулу Азизбек,Ордо,50.0,True
678,Чыдынов Космосбек Маматжанович,Альянс,35.0,True
679,Нургазы уулу Улан,Багыт,7.0,True
680,Мурзакматов Кубанычбек Абылович,Ордо,36.0,True
681,Сулайманов Алтынбек Турдубаевич,Альянс,5.0,True
682,Карабаева Айсалкын Райевна,Багыт,8.0,True
683,Нурбаев Абдывахап Мамадрасулович,Альянс,13.0,True
684,Тыныбеков Тагайбек Капарбекович,Багыт,10.0,True
685,Кыязов Эрнс Абибиллаевич,Альянс,19.0,True
686,Акматова Гульмира Нуркуловна,Багыт,11.0,True
687,Исакова Мавлюда Шадымановна,Багыт,12.0,True
688,Матазимов Маратбек Матазимович,Альянс,21.0,True
689,Качкынбаев Сейтек Садырбекович,Альянс,23.0,True
690,Арстанбек Мыктыбек,Азаттык,17.0,True
691,Шут Александр Сергеевич,Багыт,13.0,False
692,Мутешева Елена Александровна,Ордо,24.0,True
693,Анорбоева Нафосат Ибрахимхалиловна,Альянс,38.0,True
694,Омурзаков Таласбек Кимсанович,Азаттык,49.0,True
695,Пирманов Бегалидин Рахманкулович,Азаттык,35.0,True
696,Шерниязов Абылкасым Эсентаевич,Азаттык,19.0,True
697,Нурбаев Толонбай Камалдинович,Азаттык,22.0,True
698,Шерматов Тынчтык Инадиллаевич,Азаттык,38.0,True
699,Раимбеков Алмаз Болотбекович,Азаттык,39.0,True
700,Абдырахман уулу Шайырбек,Азаттык,28.0,True
701,Сизганова Виктория Александровна,Азаттык,33.0,True
702,Ураимов Жаныбек Минбаевич,Азаттык,51.0,True
703,Зубкова Татьяна Геннадьевна,Аруузат-Эл Куту,18.0,True
704,Самиева Машхура Шавкатовна,Аруузат-Эл Куту,46.0,True
705,Коптева Светлана Александровна,Аруузат-Эл Куту,53.0,True
706,Мердинова Мунавар Акбаровна,Аруузат-Эл Куту,50.0,True
707,Мамадяров Файзулажан Октамович,Аруузат-Эл Куту,32.0,True
708,Исмаилова Тынчыгүл Абдылдаевна,Күчтүү регион,5.0,True
709,Карипов Алмазбек Токтогулович,Күчтүү регион,10.0,True
710,Алиев Тейитбек Жумакадырович,Күчтүү регион,8.0,True
711,Касымбекова Жанара Байызбековна,Мекенчил Эл,28.0,True
712,Шатских Марина Сергеевна,Азаттык,36.0,True
713,Клюева Сакина Рустам Гызы,Азаттык,44.0,True
714,Акматова Асель Мухтаровна,Багыт,14.0,True
715,Алимбек кызы Барчынай,Азаттык,52.0,False
716,Райымкул уулу Касымбек,Багыт,15.0,True
717,Кенжебаев Сыргак Медеркулович,Азаттык,53.0,True
718,Уметалиев Сахибжан Калжигитович,Багыт,16.0,True
719,Чекирова Гүлүйпа Беккелдиевна,Багыт,18.0,True
720,Ибраимова Эльмира Султановна,Азаттык,54.0,True
721,Смаева Бактыгул Жайлообаевна,Багыт,19.0,True
722,Аманбаева Миргүл Орокбаевна,Багыт,20.0,True
723,Амандыков Амантай Тилекбекович,Багыт,21.0,True
724,Дубанбаева Жылдыз Сартбаевна,Багыт,22.0,True
725,Дабаев Айбек Абылкасымович,Багыт,23.0,True
726,Жолдошев Майсалбек Абдыжапарович,Багыт,24.0,True
727,Жумаева Роза Ражаевна,Багыт,26.0,True
728,Мырзаев Мирлан Жумадилович,Багыт,25.0,True
729,Макеев Антон Павлович,Мекенчил Эл,18.0,True
730,Минбаева Ширинжон Сулайманкуловна,Мекенчил Эл,43.0,True
731,Борубаева Гульхан Бираевна,Жашылдар Партиясы,4.0,True
732,Матниязова Разия Мавляновна,Багыт,27.0,True
733,Соурбаев Эрмек Жусупбекович,Багыт,29.0,True
734,Махмутова Сакура Махмасабыровна,Багыт,30.0,False
735,Жумабек кызы Гүлнура,Багыт,31.0,True
736,Логвиненко Марина Ивановна,Багыт,32.0,False
737,Пазылова Нуржан Шайлообековна,Эл Үмүтү,28.0,True
738,Джоробекова Сабира Закирбаевна,Багыт,38.0,True
739,Аманкулов Рашит Рахимжанович,Эл Үмүтү,29.0,True
740,Сулиев Сахиб Маджлисович,Эл Үмүтү,30.0,True
741,Конурбекова Кундуз Абакировна,Багыт,34.0,True
742,Усен кызы Эльвира,Жашылдар Партиясы,26.0,False
743,Жумашева Элнура Маратовна,Эл Үмүтү,31.0,True
744,Богданов Алексей Анатольевич,Багыт,17.0,True
745,Осмоналиев Руслан Эсенгулович,Эл Үмүтү,32.0,True
746,Исмаилов Азамат Мухтарович,Багыт,35.0,True
747,Матказиев Гапарали Эргешович,Эл Үмүтү,33.0,True
748,Зуева Лора Георгиевна,Эл Үмүтү,34.0,True
749,Магомедов Аслан Магомед-Алиевич,Эл Үмүтү,35.0,False
750,Мусуркулов Чынгыз Чойбекович,Ордо,31.0,False
751,Шатманов Элдияр Бейшенбекович,Эл Үмүтү,36.0,True
752,Исмаилов Икрамжан Исраилович,Багыт,9.0,True
753,Курбанова Бурулкан Сыдыковна,Багыт,40.0,True
754,Абакиров Уланбек Каныбекович,Багыт,41.0,True
755,Окмоткулов Самат Уланович,Эл Үмүтү,38.0,True
756,Орозбаев Мирлан Кубатбекович,Улуу-Журт,1.0,True
757,Кубанычбеков Жоомарт Кубанычбекович,Эл Үмүтү,39.0,True
758,Султанбаев Абдыкадыр Дарданович,Мекенчил Эл,7.0,False
759,Баймуратова Рита Нурболотовна,Багыт,39.0,True
760,Зоткина Полина Алексеевна,Эл Үмүтү,47.0,True
761,Абылкасымова Эльнура Качкынбековна,Эл Үмүтү,37.0,True
762,Жунусов Төрөбек Курманбаевич,Эл Үмүтү,41.0,True
763,Урулдаева Салтанат Айткуловна,Багыт,28.0,True
764,Элебесова Диляра Дердешовна,Жашылдар Партиясы,45.0,True
765,Исмаилова Мээрим Кубатбековна,Багыт,36.0,True
766,Чекирова Жаңыл Кубанычбековна,Жашылдар Партиясы,52.0,True
767,Мамур уулу Алмазбек,Багыт,43.0,True
768,Тотубаева Айнагуль Толомушовна,Багыт,44.0,True
769,Алымбеков Кенешбек Асанкожоевич,Улуу-Журт,2.0,True
770,Кулуев Максат Маратович,Азаттык,47.0,True
771,Токтосунов Шарабидин Бекташевич,Улуу-Журт,3.0,False
772,Алыбаева Анель Кубанычбековна,Жашылдар Партиясы,18.0,True
773,Кадырова Сонунбу Эргешовна,Улуу-Журт,4.0,True
774,Анапияева Мээрим Шаршеналиевна,Жашылдар Партиясы,41.0,True
775,Иминов Махамаджан Саитович,Улуу-Журт,5.0,True
776,Темирбаева Жамила Садировна,Жашылдар Партиясы,35.0,True
777,Турдалиев Искендербек Акпарович,Улуу-Журт,6.0,True
778,Кыдыров Алмазбек Догдурбекович,Улуу-Журт,7.0,True
779,Жороев Рахманберди Абдиллаевич,Улуу-Журт,9.0,True
780,Баргибаева Жипаргул Мухтаровна,Жашылдар Партиясы,5.0,True
781,Айтматова Дилара Камильевна,Улуу-Журт,8.0,True
782,Нишанбай уулу Таалайбек,Эл Үмүтү,42.0,True
783,Доненко Евгения Геннадьевна,Эл Үмүтү,43.0,True
784,Артиков Мухтар Ахмадиллаевич,Эл Үмүтү,44.0,True
785,Кенжебекова Эльмира Кенжебековна,Эл Үмүтү,45.0,True
786,Баяманов Акылбек Мусалиевич,Эл Үмүтү,46.0,True
787,Конушбаев Тагай Акжолтоевич,Эл Үмүтү,48.0,True
788,Ниязов Жанызак Байзакович,Улуу-Журт,10.0,True
789,Иманбек кызы Бактыгүл,Эл Үмүтү,49.0,True
790,Урманбетов Тилек Бекенович,Эл Үмүтү,50.0,True
791,Качаганова Алиман Эмильевна,Эл Үмүтү,51.0,True
792,Эркинбаева Жаңыл Майрамбековна,Улуу-Журт,12.0,True
793,Султаналиев Ажо Султаналиевич,Эл Үмүтү,52.0,True
794,Мелисова Элнура Мелисовна,Эл Үмүтү,53.0,True
795,Тулеев Расул Джумабекович,Улуу-Журт,11.0,True
796,Джапаркулов Талантбек Тургунбекович,Улуу-Журт,14.0,True
797,Конгайтиева Айгул Шаршенбековна,Эл Үмүтү,40.0,True
798,Абдыкеева Бермет Сартбаевна,Улуу-Журт,15.0,True
799,Бенисович Сергей Петрович,Улуу-Журт,16.0,True
800,Акматжан кызы Каныкей,Ордо,49.0,True
801,Жолалиев Калысбек Сагындыкович,Улуу-Журт,17.0,True
802,Макаридзе Азамат Шафиковна,Улуу-Журт,18.0,True
803,Турумбеков Курманбек Абдыкасымович,Улуу-Журт,19.0,True
804,Кыдыршаев Алтынказы Карыпович,Улуу-Журт,29.0,True
805,Абдыкадырова Толкунай Ильязовна,Улуу-Журт,21.0,True
806,Алимжанов Камыт Курсанович,Улуу-Журт,22.0,True
807,Мусаев Улукбек Абдивалиевич,Улуу-Журт,26.0,True
808,Пирматова Венера Досмаматовна,Улуу-Журт,24.0,True
809,Сарыбаев Эдилбек Азимович,Улуу-Журт,38.0,True
810,Шамшиев Азамат Нуралиевич,Улуу-Журт,23.0,True
811,Абдуллаева Елена Николаевна,Улуу-Журт,27.0,True
812,Касымов Касумбег Рустамович,Улуу-Журт,28.0,True
813,Бегматов Алимберди Пайзиллаевич,Улуу-Журт,53.0,True
814,Чокоева Дамира Жеңишовна,Улуу-Журт,30.0,True
815,Айдаралиев Мирбек Кошойбекович,Улуу-Журт,31.0,True
816,Албекенов Адилет Болотбекович,Улуу-Журт,32.0,True
817,Губа Ольга Васильевна,Улуу-Журт,33.0,True
818,Абылкасымов Аскаралы Манапович,Улуу-Журт,34.0,True
819,Молдоматов Усен Абдыкапарович,Улуу-Журт,35.0,True
820,Семенов Сергей Рудольфович,Улуу-Журт,37.0,True
821,Субагожоев Жакыпбек Мойдунович,Улуу-Журт,39.0,True
822,Миталипова Айгүл Абдыманаповна,Улуу-Журт,40.0,True
823,Маматов Абдыганы Омарович,Улуу-Журт,41.0,True
824,Аксакалов Азамат Ашымбекович,Улуу-Журт,42.0,True
825,Ражапова Динара Дыйкановна,Улуу-Журт,43.0,True
826,Жолдошев Абдусабыр Камалдинович,Улуу-Журт,44.0,True
827,Байгазиев Элис Жумабекович,Улуу-Журт,20.0,True
828,Калбаева Айжамал Батыровна,Улуу-Журт,46.0,True
829,Абдылдаев Мухаммет Арзыкулович,Улуу-Журт,48.0,True
830,Билибаева Жанаргүл Жолдошовна,Улуу-Журт,49.0,True
831,Гуламов Абдурашид Абдуллахатович,Улуу-Журт,50.0,True
832,Садиров Равшан Сабиржанович,Улуу-Журт,51.0,True
833,Урматбек кызы Аксана,Улуу-Журт,52.0,True
834,Муталип уулу Нурсултан,Улуу-Журт,25.0,True
835,Доспаев Данияр Корчубекович,Жашылдар Партиясы,36.0,True
836,Джылышева Элина Сагынбековна,Багыт,42.0,True
837,Жумабеков Майрамбек,Мекенчил Эл,33.0,True
838,Мадираимов Келдибек Жунусович,Мекенчил Эл,38.0,True
839,Шмидт Егор Александрович,Күчтүү регион,18.0,True
840,Субакожоева Жанна Жолдошбековна,Күчтүү регион,28.0,True
841,Наматбеков Алмазбек Жумабекович,Күчтүү регион,15.0,True
842,Шаршеев Анарбек Джумабекович,Күчтүү регион,16.0,True
843,Уркунбаев Дуулатбек Шаршеевич,Күчтүү регион,23.0,True
844,Байбек уулу Бакытбек,Багыт,37.0,False
845,Курманбекова Назгүл Курманбековна,Күчтүү регион,9.0,True
846,Керимакунов Алманбет Талайбекович,Күчтүү регион,19.0,True
847,Эсеналиев Куваныч Аманбаевич,Ордо,5.0,True
848,Жолдошбекова Гулнур Жолдошбековна,Күчтүү регион,13.0,True
849,Райымжанов Алтынбек Алыбекович,Азаттык,41.0,True
850,Нарботоева Айнура Токтосуновна,Ордо,45.0,True
851,Мурсаканова Гульзат Сулайманкуловна,Мекенчил Эл,44.0,True
852,Нуржанов Мухаммед Кавланович,Ордо,40.0,True
853,Стахарнов Александр Анатольевич,Мекенчил Эл,31.0,True
854,Ахметов Азрет Галым Рымкулович,Жашылдар Партиясы,23.0,True
855,Усубалиев Таалайбек Болотбекович,Социал-демократтар,15.0,True
856,Касымбеков Нурбек Айтыевич,Социал-демократтар,14.0,True
857,Медетбекова Гүлбарчын Казымкуловна,Социал-демократтар,16.0,True
858,Турдумалиев Кайрат Сазыкбаевич,Жашылдар Партиясы,6.0,True
859,Эрнис уулу Дамирбек,Жашылдар Партиясы,31.0,True
860,Асаналиев Турусбек Усенбекович,Улуу-Журт,54.0,True
861,Мейманов Жыргалбек Турдубекович,Улуу-Журт,13.0,True
862,Нурматова Гульназа Акрамжановна,Мекенчил Эл,49.0,True
863,Березовская Софья Владимировна,Мекенчил Эл,54.0,True
864,Тагаев Анарбек Бекжанович,Жашылдар Партиясы,32.0,True
865,Дженкулова Толкунай Гулбаевна,Күчтүү регион,17.0,True
866,Величкина Алёна Евгеньевна,Күчтүү регион,22.0,True
867,Уметалиева Токтайым Джумаковна,Жашасын Кыргызстан,1.0,True
868,Курамаева Токтокан Надырбаевна,Жашасын Кыргызстан,4.0,True
869,Бийбосунов Болотбек Ильясович,Жашылдар Партиясы,2.0,True
870,Батыркулов Улан Умарович,Жашасын Кыргызстан,3.0,False
871,Токсобаева Бактыгуль Асановна,Жашасын Кыргызстан,2.0,True
872,Муратов Азимбек Идрисович,Жашасын Кыргызстан,19.0,True
873,Айдаров Мураткан Абасканович,Жашасын Кыргызстан,7.0,True
874,Волкодав Сергей Викторович,Жашасын Кыргызстан,5.0,True
875,Урматова Айнура Дүйшоевна,Жашылдар Партиясы,43.0,True
876,Айдосова Гулбарчын Абдурахмановна,Жашасын Кыргызстан,8.0,True
877,Крепышев Виталий Викторович,Жашасын Кыргызстан,13.0,True
878,Кыйгырова Арман Сакеновна,Жашылдар Партиясы,16.0,True
879,Булекбаев Анвар Эркинович,Жашылдар Партиясы,54.0,True
880,Бекболот кызы Нургүл,Күчтүү регион,25.0,True
881,Османкулов Бакыт Алмазбекович,ППЕК,1.0,True
882,Пузиков Александр Валерьевич,Жашасын Кыргызстан,11.0,True
883,Мурзакматова Бактыгуль Адановна,Жашасын Кыргызстан,9.0,True
884,Аширова Светлана Адыловна,ППЕК,2.0,True
885,Алымбеков Кубатбек Ташматович,ППЕК,3.0,True
886,Эргешова Нурбубу Базарбековна,Жашасын Кыргызстан,6.0,True
887,Атабекова Кызжибек Азимжановна,ППЕК,4.0,True
888,Кочкаров Бахадыр Закирович,ППЕК,5.0,True
889,Мамбеков Улукман Кенжекулович,Жашасын Кыргызстан,22.0,True
890,Ашыйгазиева Максатгул Саматовна,Жашасын Кыргызстан,14.0,True
891,Акматалиев Нурлан Исакулович,ППЕК,6.0,True
892,Акматбеков Манас Сулкарнаевич,ППЕК,7.0,True
893,Асылбаева Гюльшат Кадыровна,ППЕК,8.0,True
894,Юсувалиев Эмиль Маденович,Жашылдар Партиясы,1.0,True
895,Сыдыков Руслан Джумабаевич,ППЕК,9.0,True
896,Усувалиева Инабат Эшановна,ППЕК,10.0,True
897,Коркмазов Хаджимурат Зулкарнаевич,ППЕК,11.0,True
898,Озумбеков Улан Доктурбаевич,ППЕК,12.0,True
899,Тыналиева Гульмира Бейшеновна,ППЕК,13.0,True
900,Алафердов Акиф Кадырович,ППЕК,14.0,True
901,Кулубаева Зарема Женишевна,ППЕК,16.0,True
902,Магизов Эльдар Ринатович,ППЕК,17.0,True
903,Омуров Нурлан Кайырович,ППЕК,18.0,True
904,Раимбекова Гүлбарчын Самидиновна,ППЕК,19.0,True
905,Омурбеков Данияр Омурбекович,ППЕК,20.0,False
906,Закиров Нематжан Талипжанович,ППЕК,21.0,True
907,Абылкасымова Севара Низахуновна,ППЕК,22.0,True
908,Касмалиев Илим Акимович,ППЕК,23.0,True
909,Исманов Кубанычбек Молдоевич,ППЕК,24.0,True
910,Орозбаева Михренса Салаевна,ППЕК,25.0,True
911,Миталипов Куванычбек Мурзакаримович,ППЕК,26.0,True
912,Кемелов Талантбек Эркинович,ППЕК,27.0,True
913,Шаршембиева Айнура Талантбековна,ППЕК,28.0,True
914,Чакиев Бакытбек Заирбекович,ППЕК,29.0,True
915,Парпиев Аскар Мамадалиевич,ППЕК,30.0,True
916,Нуриева Варвара Владимировна,ППЕК,31.0,True
917,Кушубаков Султан Увалканович,ППЕК,32.0,True
918,Осмонов Талантбек Маматазизович,ППЕК,33.0,True
919,Колпакова Дарья Петровна,ППЕК,34.0,True
920,Абдыкалыков Джанболот Туйгунбекович,ППЕК,35.0,True
921,Абдурахманов Файзидин Самидинович,ППЕК,36.0,True
922,Кысанова Венера Орузбаевна,ППЕК,37.0,True
923,Акунов Азамат Калыбекович,ППЕК,38.0,True
924,Саркеев Марлис Кенешович,ППЕК,39.0,True
925,Эрботоева Динара Ташматовна,Улуу-Журт,36.0,True
926,Сыдыкова Айбарчын Жапановна,Жашасын Кыргызстан,16.0,True
927,Туракулов Тынчтык Тахирович,Күчтүү регион,14.0,True
928,Туракулова Аселя Тахировна,Күчтүү регион,21.0,True
929,Сулайманова Айнура Эртабылдиевна,ППЕК,40.0,True
930,Асылбеков Куттубек Бообекович,Жашасын Кыргызстан,10.0,True
931,Талипжанов Исмаилжан Исакович,ППЕК,41.0,True
932,Бекажиев Курстанбек Арапбаевич,Мекенчил Эл,52.0,True
933,Валиев Загид Ибрагимович,ППЕК,42.0,True
934,Карамушкина Ирина Юрьевна,Социал-демократтар,4.0,True
935,Мустафина Лилия Маратовна,ППЕК,43.0,True
936,Орозобеков Бакытбек Чынарбекович,ППЕК,44.0,True
937,Кудайбердиев Руслан Базарович,Мекенчил Эл,48.0,True
938,Кенешбек уулу Асан,ППЕК,45.0,True
939,Султанов Максат Омурбекович,Ордо,35.0,True
940,Жуматаева Гульнар Садыбакасовна,ППЕК,46.0,True
941,Бейшеналиева Анара Нарынбаевна,Күчтүү регион,26.0,True
942,Абыкеев Нурбек Замирбекович,ППЕК,47.0,True
943,Дыйканбаев Азамат Абдилмаликович,Ордо,30.0,True
944,Ибраимов Сатыбалды Бакытбекович,Жашасын Кыргызстан,24.0,True
945,Мамасаидов Алишер Муносибжонович,ППЕК,48.0,True
946,Маниев Үсөн Нурахмедович,Мекенчил Эл,53.0,True
947,Сыдыгалиева Чолпон Сыдыгалиевна,ППЕК,49.0,True
948,Мукамбетов Русланбек Бейшенбекович,Күчтүү регион,29.0,True
949,Исакжанов Руслан Токтосунович,Жашылдар Партиясы,46.0,True
950,Эрмеков Элдарбек Зулумбекович,ППЕК,15.0,True
951,Сардаров Ашырбек Айбекович,Ордо,32.0,True
952,Ашымбекова Мадина Ашымбековна,Жашасын Кыргызстан,12.0,True
953,Лоба Фарида Шербаевна,Ордо,28.0,True
954,Джумакеев Кадыржан Асанканович,ППЕК,50.0,True
955,Виндиза Ибрагим Исмарович,ППЕК,51.0,True
956,Мадылбеков Эльдар Туратбекович,Легалайз,1.0,True
957,Наматбекова Аида Авасовна,ППЕК,52.0,True
958,Арзыкулов Марат Замирбекович,Легалайз,2.0,True
959,Красикова Оксана Григорьевна,Мекенчил Эл,12.0,True
960,Оросулбаев Нурбек Уланбекович,ППЕК,53.0,True
961,Чукулдаева Венера Бекмурзаевна,Легалайз,3.0,True
962,Абдрафиков Дамир Юрьевич,Легалайз,4.0,True
963,Бекмурзаев Алайбек Инамидинович,ППЕК,54.0,True
964,Абдивалиева Райкан Абдижамиловна,Мекенчил Эл,51.0,True
965,Кайыпов Нурмат Маратович,Легалайз,5.0,True
966,Сабирова Жаңыл Нуркановна,Жашылдар Партиясы,49.0,True
967,Касымова Нурания Абдугапуровна,Легалайз,6.0,True
968,Джумабеков Мирлан Майрамбекович,Легалайз,7.0,True
969,Рудный Константин Евгеньевич,Легалайз,8.0,True
970,Звягина Анна Александровна,Легалайз,9.0,True
971,Султанбаева Кенжекан Шаршеновна,Жашылдар Партиясы,28.0,True
972,Абытов Акжол,Легалайз,10.0,True
973,Кыдырбаев Жанболот Узакович,Легалайз,11.0,True
974,Зыкова Олеся Александровна,Жашасын Кыргызстан,18.0,True
975,Лосы Шарип Мухамедович,Ордо,48.0,True
976,Нуралиев Дамир Кулмырзаевич,Легалайз,13.0,True
977,Заков Самат Орусбатович,Жашасын Кыргызстан,17.0,True
978,Орунбаев Жамалиддин Темирбаевич,Легалайз,14.0,True
979,Бусалаева Елена Александровна,Күчтүү регион,30.0,True
980,Асанова Венера Тургуналиевна,Легалайз,15.0,True
981,Кубанычбек уулу Алманбет,Легалайз,16.0,True
982,Калеков Эрик Мансурович,Жашылдар Партиясы,25.0,True
983,Асаналиев Самат Талайбекович,Социал-демократтар,40.0,True
984,Сапарбаев Адилет Кубанычбекович,Легалайз,17.0,True
985,Ряхов Арсений Васильевич,Жашасын Кыргызстан,25.0,True
986,Адилбек уулу Шумкарбек,Социал-демократтар,19.0,True
987,Бейшекеева Мерим Кыдыкбековна,Легалайз,18.0,True
988,Дуйшенкулова Марина Касымбаевна,Жашасын Кыргызстан,20.0,True
989,Джон Рустам Паншарович,Социал-демократтар,22.0,True
990,Джурумбаева Дина Орынбаевна,Ордо,29.0,True
991,Дуйшекеева Элнура Качкыновна,Социал-демократтар,24.0,True
992,Сулейманова Чынара Азаматовна,Легалайз,12.0,True
993,Мамбетказиев Нарис Сталбекович,Ордо,19.0,True
994,Наманов Азим Асхатович,Легалайз,19.0,True
995,Марайимов Нарынбек Асанович,Легалайз,20.0,True
996,Галдина Олеся Аркадьевна,Күчтүү регион,24.0,True
997,Минбаев Бекболот Бекназарович,Социал-демократтар,34.0,True
998,Метин Ольга Викторовна,Легалайз,21.0,True
999,Темиров Абыдин Салайдинович,Социал-демократтар,36.0,True
1000,Мамытов Чингиз Мухтарбекович,Легалайз,22.0,True
1001,Джумашов Дамирбек Толосунович,Социал-демократтар,38.0,True
1002,Алибаева Венера Курсановна,Социал-демократтар,39.0,True
1003,Ибраев Бакыт Таштанбекович,Легалайз,23.0,False
1004,Сопоков Эркин Мамасалиевич,Социал-демократтар,42.0,True
1005,Токтобеков Мирлан Мурзабекович,Ордо,42.0,True
1006,Насирдинова Айгул Мамытовна,Жашасын Кыргызстан,21.0,True
1007,Рахманов Замирбек Усеинович,Социал-демократтар,44.0,True
1008,Тайгашкаев Руслан Авасканович,Социал-демократтар,45.0,True
1009,Иманалиев Айбек Өмүрбекович,Легалайз,25.0,True
1010,Грибкова Елена Петровна,Социал-демократтар,47.0,True
1011,Осмоналиев Тагир Бахтыбекович,Социал-демократтар,48.0,True
1012,Петровская Регина Равильевна,Социал-демократтар,49.0,True
1013,Белокуров Владимир Вадимович,Легалайз,26.0,True
1014,Касмалиев Илимар Карыпович,Социал-демократтар,50.0,True
1015,Владимирова Анастасия Павловна,Жашасын Кыргызстан,23.0,True
1016,Акбулатова Зара Султановна,Социал-демократтар,51.0,True
1017,Абдусаторова Лола Шарифжановна,Социал-демократтар,52.0,True
1018,Тарасов Александр Иванович,Легалайз,27.0,True
1019,Келдибеков Алишер Данышманович,Социал-демократтар,53.0,True
1020,Султанбекова Алтынай Ильинична,Жашылдар Партиясы,53.0,True
1021,Суеркулов Нурис Жумабекович,Жашылдар Партиясы,50.0,True
1022,Халикова Рахима Рахимовна,Социал-демократтар,54.0,True
1023,Джаныбеков Эржан Джаныбекович,Ордо,53.0,True
1024,Алыкулова Гулбу Корошовна,Жашылдар Партиясы,48.0,True
1025,Асеин уулу Азамат,Багыт,33.0,True
1026,Исабекова Асель Эриковна,Легалайз,24.0,True
1027,Купешов Бекназар Эсенгулович,Жашылдар Партиясы,38.0,True
1028,Акматбеков Руслан Автандилович,Жашылдар Партиясы,51.0,True
1029,Джаналиев Рысбек Молдошевич,Багыт,45.0,True
1030,Баатырканов Бактыбай Абдырашитович,Күчтүү регион,20.0,True
1031,Дуйшеналиев Уланбек Акынович,Жашасын Кыргызстан,15.0,False
1032,Богомолец Марина Шамильевна,Жашылдар Партиясы,44.0,True
1033,Сырбаев Чингиз Джуматаевич,Жашылдар Партиясы,47.0,True
1034,Джайлобеков Азат Джайлобекович,Күчтүү регион,6.0,True
1035,Мусакеев Дамир Сагындыкович,Социал-демократтар,9.0,True
1036,Дубинина Ирина Анатольевна,Аруузат-Эл Куту,45.0,True
1037,Султанбаева Гульнара Арстанбековна,Аруузат-Эл Куту,9.0,False
1038,Жусупова Нурзада Аскарбековна,Аруузат-Эл Куту,3.0,True
1039,Токсобаев Жолдошбек Осмонбекович,Бүтүн Кыргызстан,30.0,False
1040,Измайлова Рамиля Халитовна,Жашасын Кыргызстан,26.0,True
1041,Мендебаиров Акпар Нуркулович,Жашасын Кыргызстан,27.0,False
1042,Ылайтегин Таалайбек Молдобек уулу,Улуу-Журт,45.0,False
1043,Душеев Нурлан Мелисович,Улуу-Журт,47.0,False
1044,Машанло Фатима Арсаевна,Ордо,52.0,False
1045,Мамытов Талант Турдумаматович,Ынтымак,7.0,True
1047,Оргалча Токтобубу,Альянс,4.0,True
